{
    "element": "hydro",
    "weapon_type": "catalyst",
    "stars": 4,
    "initial_HP": 820.6118774414062,
    "initial_ATK": 13.355999946594238,
    "initial_DEF": 56.080501556396484,
    "HP_ascension_scaling": [
        0,
        613.0391235351562,
        1048.6195068359375,
        1629.3934326171875,
        2064.973876953125,
        2500.55419921875,
        2936.134765625
    ],
    "ATK_ascension_scaling": [
        0,
        9.977849960327148,
        17.06737518310547,
        26.52007484436035,
        33.60960006713867,
        40.69912338256836,
        47.78865051269531
    ],
    "DEF_ascension_scaling": [
        0,
        41.89500045776367,
        71.6624984741211,
        111.35250091552734,
        141.1199951171875,
        170.8874969482422,
        200.65499877929688
    ],
    "ascension_stat": "hp_",
    "ascension_stat_scaling": [
        0,
        0,
        0.05999999865889549,
        0.11999999731779099,
        0.11999999731779099,
        0.18000000715255737,
        0.23999999463558197
    ]
}