{
    "element": "electro",
    "weapon_type": "claymore",
    "stars": 4,
    "initial_HP": 1094.149169921875,
    "initial_ATK": 18.876480102539062,
    "initial_DEF": 54.36375045776367,
    "HP_ascension_scaling": [
        0,
        817.385498046875,
        1398.1593017578125,
        2172.524658203125,
        2753.29833984375,
        3334.072265625,
        3914.84619140625
    ],
    "ATK_ascension_scaling": [
        0,
        14.102027893066406,
        24.121889114379883,
        37.48170471191406,
        47.50156784057617,
        57.52143096923828,
        67.54129028320312
    ],
    "DEF_ascension_scaling": [
        0,
        40.61249923706055,
        69.46875,
        107.9437484741211,
        136.8000030517578,
        165.65625,
        194.5124969482422
    ],
    "ascension_stat": "electro_dmg_",
    "ascension_stat_scaling": [
        0,
        0,
        0.05999999865889549,
        0.11999999731779099,
        0.11999999731779099,
        0.18000000715255737,
        0.23999999463558197
    ]
}