{
    "element": "pyro",
    "weapon_type": "sword",
    "stars": 4,
    "initial_HP": 1039.4417724609375,
    "initial_ATK": 16.02720069885254,
    "initial_DEF": 64.66425323486328,
    "HP_ascension_scaling": [
        0,
        776.5161743164062,
        1328.2513427734375,
        2063.8984375,
        2615.633544921875,
        3167.36865234375,
        3719.10400390625
    ],
    "ATK_ascension_scaling": [
        0,
        11.973420143127441,
        20.480850219726562,
        31.82408905029297,
        40.331520080566406,
        48.838951110839844,
        57.346378326416016
    ],
    "DEF_ascension_scaling": [
        0,
        48.307498931884766,
        82.6312484741211,
        128.39625549316406,
        162.72000122070312,
        197.0437469482422,
        231.36749267578125
    ],
    "ascension_stat": "enerRech_",
    "ascension_stat_scaling": [
        0,
        0,
        0.06669999659061432,
        0.13330000638961792,
        0.13330000638961792,
        0.20000000298023224,
        0.26669999957084656
    ]
}