{
    "element": "pyro",
    "weapon_type": "claymore",
    "stars": 5,
    "initial_HP": 1010.5192260742188,
    "initial_ATK": 26.06800079345703,
    "initial_DEF": 61.0265998840332,
    "HP_ascension_scaling": [
        0,
        866.4288330078125,
        1482.04931640625,
        2302.876708984375,
        2918.4970703125,
        3534.11767578125,
        4149.73828125
    ],
    "ATK_ascension_scaling": [
        0,
        22.349319458007812,
        38.22909927368164,
        59.40214157104492,
        75.28192138671875,
        91.16169738769531,
        107.0414810180664
    ],
    "DEF_ascension_scaling": [
        0,
        52.32600021362305,
        89.50499725341797,
        139.07699584960938,
        176.25599670410156,
        213.43499755859375,
        250.61399841308594
    ],
    "ascension_stat": "critRate_",
    "ascension_stat_scaling": [
        0,
        0,
        0.04800000041723251,
        0.09600000083446503,
        0.09600000083446503,
        0.14399999380111694,
        0.19200000166893005
    ]
}