{
    "element": "electro",
    "weapon_type": "bow",
    "stars": 4,
    "initial_HP": 770.46337890625,
    "initial_ATK": 20.47920036315918,
    "initial_DEF": 49.78575134277344,
    "HP_ascension_scaling": [
        0,
        575.5756225585938,
        984.5372314453125,
        1529.8193359375,
        1938.781005859375,
        2347.74267578125,
        2756.7041015625
    ],
    "ATK_ascension_scaling": [
        0,
        15.299369812011719,
        26.16997528076172,
        40.66411590576172,
        51.53472137451172,
        62.40532684326172,
        73.27593231201172
    ],
    "DEF_ascension_scaling": [
        0,
        37.192501068115234,
        63.618751525878906,
        98.85375213623047,
        125.27999877929688,
        151.7062530517578,
        178.13250732421875
    ],
    "ascension_stat": "atk_",
    "ascension_stat_scaling": [
        0,
        0,
        0.05999999865889549,
        0.11999999731779099,
        0.11999999731779099,
        0.18000000715255737,
        0.23999999463558197
    ]
}