{
    "element": "anemo",
    "weapon_type": "sword",
    "stars": 5,
    "initial_HP": 1143.9840087890625,
    "initial_ATK": 18.6200008392334,
    "initial_DEF": 59.83000183105469,
    "HP_ascension_scaling": [
        0,
        980.8628540039062,
        1677.791748046875,
        2607.0302734375,
        3303.958984375,
        4000.887939453125,
        4697.81689453125
    ],
    "ATK_ascension_scaling": [
        0,
        15.963800430297852,
        27.306499481201172,
        42.43009948730469,
        53.77280044555664,
        65.1155014038086,
        76.45819854736328
    ],
    "DEF_ascension_scaling": [
        0,
        51.29999923706055,
        87.75,
        136.35000610351562,
        172.8000030517578,
        209.25,
        245.6999969482422
    ],
    "ascension_stat": "heal_",
    "ascension_stat_scaling": [
        0,
        0,
        0.055399999022483826,
        0.11079999804496765,
        0.11079999804496765,
        0.16619999706745148,
        0.2214999943971634
    ]
}