{
    "element": "anemo",
    "weapon_type": "sword",
    "stars": 5,
    "initial_HP": 1039.1187744140625,
    "initial_ATK": 23.08880043029785,
    "initial_DEF": 62.82149887084961,
    "HP_ascension_scaling": [
        0,
        890.950439453125,
        1523.994140625,
        2368.052490234375,
        3001.09619140625,
        3634.139892578125,
        4267.18359375
    ],
    "ATK_ascension_scaling": [
        0,
        19.79511260986328,
        33.86006164550781,
        52.61332321166992,
        66.67826843261719,
        80.74321746826172,
        94.80816650390625
    ],
    "DEF_ascension_scaling": [
        0,
        53.8650016784668,
        92.13749694824219,
        143.16749572753906,
        181.44000244140625,
        219.71249389648438,
        257.9849853515625
    ],
    "ascension_stat": "eleMas",
    "ascension_stat_scaling": [
        0,
        0,
        28.799999237060547,
        57.599998474121094,
        57.599998474121094,
        86.4000015258789,
        115.19999694824219
    ]
}