{
    "element": "cryo",
    "weapon_type": "sword",
    "stars": 4,
    "initial_HP": 975.6163940429688,
    "initial_ATK": 18.698400497436523,
    "initial_DEF": 66.38099670410156,
    "HP_ascension_scaling": [
        0,
        728.8353881835938,
        1246.692138671875,
        1937.167724609375,
        2455.0244140625,
        2972.881103515625,
        3490.73779296875
    ],
    "ATK_ascension_scaling": [
        0,
        13.968990325927734,
        23.894325256347656,
        37.12810516357422,
        47.05344009399414,
        56.97877502441406,
        66.90411376953125
    ],
    "DEF_ascension_scaling": [
        0,
        49.59000015258789,
        84.82499694824219,
        131.80499267578125,
        167.0399932861328,
        202.27499389648438,
        237.50999450683594
    ],
    "ascension_stat": "enerRech_",
    "ascension_stat_scaling": [
        0,
        0,
        0.06669999659061432,
        0.13330000638961792,
        0.13330000638961792,
        0.20000000298023224,
        0.26669999957084656
    ]
}