{
    "element": "electro",
    "weapon_type": "sword",
    "stars": 5,
    "initial_HP": 1020.0524291992188,
    "initial_ATK": 25.136999130249023,
    "initial_DEF": 62.223201751708984,
    "HP_ascension_scaling": [
        0,
        874.6027221679688,
        1496.0308837890625,
        2324.601806640625,
        2946.030029296875,
        3567.45849609375,
        4188.88671875
    ],
    "ATK_ascension_scaling": [
        0,
        21.551130294799805,
        36.863773345947266,
        57.280635833740234,
        72.59327697753906,
        87.90592193603516,
        103.21856689453125
    ],
    "DEF_ascension_scaling": [
        0,
        53.35200119018555,
        91.26000213623047,
        141.8040008544922,
        179.71200561523438,
        217.6199951171875,
        255.5279998779297
    ],
    "ascension_stat": "critDMG_",
    "ascension_stat_scaling": [
        0,
        0,
        0.09600000083446503,
        0.19200000166893005,
        0.19200000166893005,
        0.2879999876022339,
        0.3840000033378601
    ]
}