{
    "element": "electro",
    "weapon_type": "electro",
    "stars": 4,
    "initial_HP": 802.3760986328125,
    "initial_ATK": 19.410720825195312,
    "initial_DEF": 48.069000244140625,
    "HP_ascension_scaling": [
        0,
        599.416015625,
        1025.31689453125,
        1593.1846923828125,
        2019.0855712890625,
        2444.986328125,
        2870.88720703125
    ],
    "ATK_ascension_scaling": [
        0,
        14.501141548156738,
        24.804584503173828,
        38.54250717163086,
        48.845951080322266,
        59.14939498901367,
        69.45283508300781
    ],
    "DEF_ascension_scaling": [
        0,
        35.90999984741211,
        61.42499923706055,
        95.44499969482422,
        120.95999908447266,
        146.47500610351562,
        171.99000549316406
    ],
    "ascension_stat": "eleMas",
    "ascension_stat_scaling": [
        0,
        0,
        24.0,
        48.0,
        48.0,
        72.0,
        96.0
    ]
}