{
    "element": "hydro",
    "weapon_type": "catalyst",
    "stars": 5,
    "initial_HP": 810.322021484375,
    "initial_ATK": 22.3439998626709,
    "initial_DEF": 50.855499267578125,
    "HP_ascension_scaling": [
        0,
        694.77783203125,
        1188.435791015625,
        1846.6463623046875,
        2340.30419921875,
        2833.962158203125,
        3327.6201171875
    ],
    "ATK_ascension_scaling": [
        0,
        19.15656089782715,
        32.767799377441406,
        50.91611862182617,
        64.52735900878906,
        78.13860321044922,
        91.74983978271484
    ],
    "DEF_ascension_scaling": [
        0,
        43.60499954223633,
        74.5875015258789,
        115.89749908447266,
        146.8800048828125,
        177.8625030517578,
        208.84500122070312
    ],
    "ascension_stat": "enerRech_",
    "ascension_stat_scaling": [
        0,
        0,
        0.07999999821186066,
        0.1599999964237213,
        0.1599999964237213,
        0.23999999463558197,
        0.3199999928474426
    ]
}