{
    "element": "geo",
    "weapon_type": "claymore",
    "stars": 4,
    "initial_HP": 1012.0880126953125,
    "initial_ATK": 16.02720069885254,
    "initial_DEF": 66.9532470703125,
    "HP_ascension_scaling": [
        0,
        756.08154296875,
        1293.29736328125,
        2009.585205078125,
        2546.801025390625,
        3084.016845703125,
        3621.232666015625
    ],
    "ATK_ascension_scaling": [
        0,
        11.973420143127441,
        20.480850219726562,
        31.82408905029297,
        40.331520080566406,
        48.838951110839844,
        57.346378326416016
    ],
    "DEF_ascension_scaling": [
        0,
        50.01750183105469,
        85.5562515258789,
        132.94125366210938,
        168.47999572753906,
        204.0187530517578,
        239.5574951171875
    ],
    "ascension_stat": "def_",
    "ascension_stat_scaling": [
        0,
        0,
        0.07500000298023224,
        0.15000000596046448,
        0.15000000596046448,
        0.22499999403953552,
        0.30000001192092896
    ]
}