{
    "element": "hydro",
    "weapon_type": "claymore",
    "stars": 5,
    "initial_HP": 1020.0524291992188,
    "initial_ATK": 23.461200714111328,
    "initial_DEF": 63.4197998046875,
    "HP_ascension_scaling": [
        0,
        874.6027221679688,
        1496.0308837890625,
        2324.601806640625,
        2946.030029296875,
        3567.45849609375,
        4188.88671875
    ],
    "ATK_ascension_scaling": [
        0,
        20.11438751220703,
        34.40618896484375,
        53.4619255065918,
        67.75373077392578,
        82.0455322265625,
        96.33733367919922
    ],
    "DEF_ascension_scaling": [
        0,
        54.37799835205078,
        93.01499938964844,
        144.531005859375,
        183.16799926757812,
        221.80499267578125,
        260.4419860839844
    ],
    "ascension_stat": "hydro_dmg_",
    "ascension_stat_scaling": [
        0,
        0,
        0.07199999690055847,
        0.14399999380111694,
        0.14399999380111694,
        0.2160000056028366,
        0.2879999876022339
    ]
}