{
    "element": "anemo",
    "weapon_type": "polearm",
    "stars": 5,
    "initial_HP": 991.4528198242188,
    "initial_ATK": 27.185199737548828,
    "initial_DEF": 62.223201751708984,
    "HP_ascension_scaling": [
        0,
        850.0811157226562,
        1454.086181640625,
        2259.42626953125,
        2863.43115234375,
        3467.436279296875,
        4071.441162109375
    ],
    "ATK_ascension_scaling": [
        0,
        23.307147979736328,
        39.867488861083984,
        61.94794464111328,
        78.50828552246094,
        95.0686264038086,
        111.62897491455078
    ],
    "DEF_ascension_scaling": [
        0,
        53.35200119018555,
        91.26000213623047,
        141.8040008544922,
        179.71200561523438,
        217.6199951171875,
        255.5279998779297
    ],
    "ascension_stat": "critRate_",
    "ascension_stat_scaling": [
        0,
        0,
        0.04800000041723251,
        0.09600000083446503,
        0.09600000083446503,
        0.14399999380111694,
        0.19200000166893005
    ]
}