{
    "element": "pyro",
    "weapon_type": "catalyst",
    "stars": 4,
    "initial_HP": 784.1402587890625,
    "initial_ATK": 20.12303924560547,
    "initial_DEF": 49.2135009765625,
    "HP_ascension_scaling": [
        0,
        585.7929077148438,
        1002.0142211914062,
        1556.9759521484375,
        1973.197265625,
        2389.41845703125,
        2805.639892578125
    ],
    "ATK_ascension_scaling": [
        0,
        15.033293724060059,
        25.714845657348633,
        39.956912994384766,
        50.638465881347656,
        61.32001495361328,
        72.0015640258789
    ],
    "DEF_ascension_scaling": [
        0,
        36.76499938964844,
        62.88750076293945,
        97.71749877929688,
        123.83999633789062,
        149.96249389648438,
        176.0850067138672
    ],
    "ascension_stat": "pyro_dmg_",
    "ascension_stat_scaling": [
        0,
        0,
        0.05999999865889549,
        0.11999999731779099,
        0.11999999731779099,
        0.18000000715255737,
        0.23999999463558197
    ]
}