{
    "element": "pyro",
    "weapon_type": "bow",
    "stars": 5,
    "initial_HP": 791.255615234375,
    "initial_ATK": 25.136999130249023,
    "initial_DEF": 47.86399841308594,
    "HP_ascension_scaling": [
        0,
        678.4301147460938,
        1160.4725341796875,
        1803.1959228515625,
        2285.23828125,
        2767.28076171875,
        3249.3232421875
    ],
    "ATK_ascension_scaling": [
        0,
        21.551130294799805,
        36.863773345947266,
        57.280635833740234,
        72.59327697753906,
        87.90592193603516,
        103.21856689453125
    ],
    "DEF_ascension_scaling": [
        0,
        41.040000915527344,
        70.19999694824219,
        109.08000183105469,
        138.24000549316406,
        167.39999389648438,
        196.55999755859375
    ],
    "ascension_stat": "critRate_",
    "ascension_stat_scaling": [
        0,
        0,
        0.04800000041723251,
        0.09600000083446503,
        0.09600000083446503,
        0.14399999380111694,
        0.19200000166893005
    ]
}