{
    "element": "geo",
    "weapon_type": "sword",
    "stars": 5,
    "initial_HP": 1029.5855712890625,
    "initial_ATK": 19.551000595092773,
    "initial_DEF": 68.2061996459961,
    "HP_ascension_scaling": [
        0,
        882.7765502929688,
        1510.0125732421875,
        2346.3271484375,
        2973.563232421875,
        3600.799072265625,
        4228.03515625
    ],
    "ATK_ascension_scaling": [
        0,
        16.76198959350586,
        28.671825408935547,
        44.551605224609375,
        56.46144104003906,
        68.37127685546875,
        80.28111267089844
    ],
    "DEF_ascension_scaling": [
        0,
        58.481998443603516,
        100.03500366210938,
        155.43899536132812,
        196.99200439453125,
        238.5449981689453,
        280.0979919433594
    ],
    "ascension_stat": "geo_dmg_",
    "ascension_stat_scaling": [
        0,
        0,
        0.07199999690055847,
        0.14399999380111694,
        0.14399999380111694,
        0.2160000056028366,
        0.2879999876022339
    ]
}