{
    "element": "cryo",
    "weapon_type": "bow",
    "stars": 5,
    "initial_HP": 848.4547729492188,
    "initial_ATK": 18.210359573364258,
    "initial_DEF": 52.65039825439453,
    "HP_ascension_scaling": [
        0,
        727.4732666015625,
        1244.3621826171875,
        1933.54736328125,
        2450.436279296875,
        2967.3251953125,
        3484.214111328125
    ],
    "ATK_ascension_scaling": [
        0,
        15.612595558166504,
        26.70575714111328,
        41.496639251708984,
        52.58979797363281,
        63.682960510253906,
        74.776123046875
    ],
    "DEF_ascension_scaling": [
        0,
        45.14400100708008,
        77.22000122070312,
        119.98799896240234,
        152.06399536132812,
        184.13999938964844,
        216.21600341796875
    ],
    "ascension_stat": "cryo_dmg_",
    "ascension_stat_scaling": [
        0,
        0,
        0.07199999690055847,
        0.14399999380111694,
        0.14399999380111694,
        0.2160000056028366,
        0.2879999876022339
    ]
}