{
    "element": "cryo",
    "weapon_type": "claymore",
    "stars": 4,
    "initial_HP": 920.908935546875,
    "initial_ATK": 18.698400497436523,
    "initial_DEF": 54.36375045776367,
    "HP_ascension_scaling": [
        0,
        687.9661254882812,
        1176.7841796875,
        1828.54150390625,
        2317.359619140625,
        2806.177490234375,
        3294.99560546875
    ],
    "ATK_ascension_scaling": [
        0,
        13.968990325927734,
        23.894325256347656,
        37.12810516357422,
        47.05344009399414,
        56.97877502441406,
        66.90411376953125
    ],
    "DEF_ascension_scaling": [
        0,
        40.61249923706055,
        69.46875,
        107.9437484741211,
        136.8000030517578,
        165.65625,
        194.5124969482422
    ],
    "ascension_stat": "atk_",
    "ascension_stat_scaling": [
        0,
        0,
        0.05999999865889549,
        0.11999999731779099,
        0.11999999731779099,
        0.18000000715255737,
        0.23999999463558197
    ]
}