{
    "element": "cryo",
    "weapon_type": "bow",
    "stars": 4,
    "initial_HP": 802.3760986328125,
    "initial_ATK": 17.808000564575195,
    "initial_DEF": 50.358001708984375,
    "HP_ascension_scaling": [
        0,
        599.416015625,
        1025.31689453125,
        1593.1846923828125,
        2019.08544921875,
        2444.986328125,
        2870.88720703125
    ],
    "ATK_ascension_scaling": [
        0,
        13.303799629211426,
        22.756500244140625,
        35.36009979248047,
        44.812801361083984,
        54.265499114990234,
        63.71820068359375
    ],
    "DEF_ascension_scaling": [
        0,
        37.619998931884766,
        64.3499984741211,
        99.98999786376953,
        126.72000122070312,
        153.4499969482422,
        180.17999267578125
    ],
    "ascension_stat": "cryo_dmg_",
    "ascension_stat_scaling": [
        0,
        0,
        0.05999999865889549,
        0.11999999731779099,
        0.11999999731779099,
        0.18000000715255737,
        0.23999999463558197
    ]
}