{
    "element": "cryo",
    "weapon_type": "claymore",
    "stars": 5,
    "initial_HP": 1029.5855712890625,
    "initial_ATK": 26.62660026550293,
    "initial_DEF": 58.45391082763672,
    "HP_ascension_scaling": [
        0,
        882.7765502929688,
        1510.0125732421875,
        2346.3271484375,
        2973.563232421875,
        3600.799072265625,
        4228.03515625
    ],
    "ATK_ascension_scaling": [
        0,
        22.82823371887207,
        39.04829406738281,
        60.67504119873047,
        76.89510345458984,
        93.11516571044922,
        109.3352279663086
    ],
    "DEF_ascension_scaling": [
        0,
        50.12009811401367,
        85.73175048828125,
        133.2139434814453,
        168.8256072998047,
        204.437255859375,
        240.0489044189453
    ],
    "ascension_stat": "critDMG_",
    "ascension_stat_scaling": [
        0,
        0,
        0.09600000083446503,
        0.19200000166893005,
        0.19200000166893005,
        0.2879999876022339,
        0.3840000033378601
    ]
}