{
    "element": "pyro",
    "weapon_type": "polearm",
    "stars": 5,
    "initial_HP": 1210.7164306640625,
    "initial_ATK": 8.285900115966797,
    "initial_DEF": 68.2061996459961,
    "HP_ascension_scaling": [
        0,
        1038.079833984375,
        1775.662841796875,
        2759.10693359375,
        3496.68994140625,
        4234.27294921875,
        4971.85595703125
    ],
    "ATK_ascension_scaling": [
        0,
        7.103890895843506,
        12.151392936706543,
        18.881393432617188,
        23.928895950317383,
        28.976398468017578,
        34.02389907836914
    ],
    "DEF_ascension_scaling": [
        0,
        58.481998443603516,
        100.03500366210938,
        155.43899536132812,
        196.99200439453125,
        238.5449981689453,
        280.0979919433594
    ],
    "ascension_stat": "critDMG_",
    "ascension_stat_scaling": [
        0,
        0,
        0.09600000083446503,
        0.19200000166893005,
        0.19200000166893005,
        0.2879999876022339,
        0.3840000033378601
    ]
}