{
    "element": "pyro",
    "weapon_type": "catalyst",
    "stars": 5,
    "initial_HP": 800.788818359375,
    "initial_ATK": 24.20599937438965,
    "initial_DEF": 47.86399841308594,
    "HP_ascension_scaling": [
        0,
        686.60400390625,
        1174.4542236328125,
        1824.921142578125,
        2312.771240234375,
        2800.62158203125,
        3288.4716796875
    ],
    "ATK_ascension_scaling": [
        0,
        20.752939224243164,
        35.498451232910156,
        55.15913009643555,
        69.9046401977539,
        84.650146484375,
        99.39566040039062
    ],
    "DEF_ascension_scaling": [
        0,
        41.040000915527344,
        70.19999694824219,
        109.08000183105469,
        138.24000549316406,
        167.39999389648438,
        196.55999755859375
    ],
    "ascension_stat": "pyro_dmg_",
    "ascension_stat_scaling": [
        0,
        0,
        0.07199999690055847,
        0.14399999380111694,
        0.14399999380111694,
        0.2160000056028366,
        0.2879999876022339
    ]
}