{
    "element": "electro",
    "weapon_type": "bow",
    "stars": 4,
    "initial_HP": 802.3760986328125,
    "initial_ATK": 16.383359909057617,
    "initial_DEF": 52.64699935913086,
    "HP_ascension_scaling": [
        0,
        599.416015625,
        1025.31689453125,
        1593.1846923828125,
        2019.0855712890625,
        2444.986328125,
        2870.88720703125
    ],
    "ATK_ascension_scaling": [
        0,
        12.239496231079102,
        20.93597984313965,
        32.53129196166992,
        41.22777557373047,
        49.924259185791016,
        58.62074279785156
    ],
    "DEF_ascension_scaling": [
        0,
        39.33000183105469,
        67.2750015258789,
        104.53500366210938,
        132.47999572753906,
        160.4250030517578,
        188.3699951171875
    ],
    "ascension_stat": "atk_",
    "ascension_stat_scaling": [
        0,
        0,
        0.05999999865889549,
        0.11999999731779099,
        0.11999999731779099,
        0.18000000715255737,
        0.23999999463558197
    ]
}