{
    "element": "electro",
    "weapon_type": "polearm",
    "stars": 5,
    "initial_HP": 1004.7992553710938,
    "initial_ATK": 26.254199981689453,
    "initial_DEF": 61.445411682128906,
    "HP_ascension_scaling": [
        0,
        861.5245361328125,
        1473.660400390625,
        2289.841552734375,
        2901.977294921875,
        3514.11328125,
        4126.2490234375
    ],
    "ATK_ascension_scaling": [
        0,
        22.50895881652832,
        38.502166748046875,
        59.82644271850586,
        75.81964874267578,
        91.81285858154297,
        107.80606079101562
    ],
    "DEF_ascension_scaling": [
        0,
        52.68510055541992,
        90.11924743652344,
        140.0314483642578,
        177.46560668945312,
        214.89974975585938,
        252.33389282226562
    ],
    "ascension_stat": "enerRech_",
    "ascension_stat_scaling": [
        0,
        0,
        0.07999999821186066,
        0.1599999964237213,
        0.1599999964237213,
        0.23999999463558197,
        0.3199999928474426
    ]
}