{
    "element": "anemo",
    "weapon_type": "claymore",
    "stars": 4,
    "initial_HP": 993.8521728515625,
    "initial_ATK": 20.47920036315918,
    "initial_DEF": 62.43247604370117,
    "HP_ascension_scaling": [
        0,
        742.45849609375,
        1269.9947509765625,
        1973.37646484375,
        2500.912841796875,
        3028.448974609375,
        3555.9853515625
    ],
    "ATK_ascension_scaling": [
        0,
        15.299369812011719,
        26.16997528076172,
        40.66411590576172,
        51.53472137451172,
        62.40532684326172,
        73.27593231201172
    ],
    "DEF_ascension_scaling": [
        0,
        46.64025115966797,
        79.77937316894531,
        123.96487426757812,
        157.10400390625,
        190.2431182861328,
        223.3822479248047
    ],
    "ascension_stat": "eleMas",
    "ascension_stat_scaling": [
        0,
        0,
        24.0,
        48.0,
        48.0,
        72.0,
        96.0
    ]
}