{
    "element": "anemo",
    "weapon_type": "catalyst",
    "stars": 4,
    "initial_HP": 775.0223388671875,
    "initial_ATK": 14.246399879455566,
    "initial_DEF": 58.941749572753906,
    "HP_ascension_scaling": [
        0,
        578.9813842773438,
        990.3628540039062,
        1538.87158203125,
        1950.2530517578125,
        2361.634521484375,
        2773.01611328125
    ],
    "ATK_ascension_scaling": [
        0,
        10.64303970336914,
        18.2052001953125,
        28.2880802154541,
        35.85023880004883,
        43.41239929199219,
        50.97455978393555
    ],
    "DEF_ascension_scaling": [
        0,
        44.032501220703125,
        75.3187484741211,
        117.03375244140625,
        148.32000732421875,
        179.6062469482422,
        210.8925018310547
    ],
    "ascension_stat": "anemo_dmg_",
    "ascension_stat_scaling": [
        0,
        0,
        0.05999999865889549,
        0.11999999731779099,
        0.11999999731779099,
        0.18000000715255737,
        0.23999999463558197
    ]
}