{
    "element": "anemo",
    "weapon_type": "bow",
    "stars": 5,
    "initial_HP": 819.855224609375,
    "initial_ATK": 20.48200035095215,
    "initial_DEF": 52.052101135253906,
    "HP_ascension_scaling": [
        0,
        702.9517211914062,
        1202.4173583984375,
        1868.37158203125,
        2367.83740234375,
        2867.302978515625,
        3366.768798828125
    ],
    "ATK_ascension_scaling": [
        0,
        17.5601806640625,
        30.03714942932129,
        46.67311096191406,
        59.150081634521484,
        71.6270523071289,
        84.10401916503906
    ],
    "DEF_ascension_scaling": [
        0,
        44.63100051879883,
        76.34249877929688,
        118.62449645996094,
        150.33599853515625,
        182.04750061035156,
        213.75900268554688
    ],
    "ascension_stat": "enerRech_",
    "ascension_stat_scaling": [
        0,
        0,
        0.07999999821186066,
        0.1599999964237213,
        0.1599999964237213,
        0.23999999463558197,
        0.3199999928474426
    ]
}