{
    "element": "polearm",
    "weapon_type": "polearm",
    "stars": 4,
    "initial_HP": 911.791015625,
    "initial_ATK": 18.876480102539062,
    "initial_DEF": 56.080501556396484,
    "HP_ascension_scaling": [
        0,
        681.154541015625,
        1165.1328125,
        1810.4371337890625,
        2294.415283203125,
        2778.3935546875,
        3262.371826171875
    ],
    "ATK_ascension_scaling": [
        0,
        14.102027893066406,
        24.121889114379883,
        37.48170471191406,
        47.50156784057617,
        57.52143096923828,
        67.54129028320312
    ],
    "DEF_ascension_scaling": [
        0,
        41.89500045776367,
        71.6624984741211,
        111.35250091552734,
        141.1199951171875,
        170.8874969482422,
        200.65499877929688
    ],
    "ascension_stat": "eleMas",
    "ascension_stat_scaling": [
        0,
        0,
        24.0,
        48.0,
        48.0,
        72.0,
        96.0
    ]
}