{
    "element": "hydro",
    "weapon_type": "sword",
    "stars": 4,
    "initial_HP": 857.0835571289062,
    "initial_ATK": 16.917600631713867,
    "initial_DEF": 63.51974868774414,
    "HP_ascension_scaling": [
        0,
        640.2852783203125,
        1095.224853515625,
        1701.8109130859375,
        2156.75048828125,
        2611.68994140625,
        3066.629638671875
    ],
    "ATK_ascension_scaling": [
        0,
        12.638609886169434,
        21.618675231933594,
        33.59209442138672,
        42.57215881347656,
        51.552223205566406,
        60.532291412353516
    ],
    "DEF_ascension_scaling": [
        0,
        47.45249938964844,
        81.16874694824219,
        126.12374877929688,
        159.83999633789062,
        193.55624389648438,
        227.2725067138672
    ],
    "ascension_stat": "atk_",
    "ascension_stat_scaling": [
        0,
        0,
        0.05999999865889549,
        0.11999999731779099,
        0.11999999731779099,
        0.18000000715255737,
        0.23999999463558197
    ]
}