{
    "element": "pyro",
    "weapon_type": "claymore",
    "stars": 4,
    "initial_HP": 939.1447143554688,
    "initial_ATK": 20.835359573364258,
    "initial_DEF": 66.9532470703125,
    "HP_ascension_scaling": [
        0,
        701.5891723632812,
        1200.0867919921875,
        1864.750244140625,
        2363.247802734375,
        2861.745361328125,
        3360.242919921875
    ],
    "ATK_ascension_scaling": [
        0,
        15.565445899963379,
        26.625104904174805,
        41.37131881713867,
        52.43097686767578,
        63.49063491821289,
        74.55029296875
    ],
    "DEF_ascension_scaling": [
        0,
        50.01750183105469,
        85.5562515258789,
        132.94125366210938,
        168.47999572753906,
        204.0187530517578,
        239.5574951171875
    ],
    "ascension_stat": "atk_",
    "ascension_stat_scaling": [
        0,
        0,
        0.05999999865889549,
        0.11999999731779099,
        0.11999999731779099,
        0.18000000715255737,
        0.23999999463558197
    ]
}