{
    "element": "geo",
    "weapon_type": "polearm",
    "stars": 5,
    "initial_HP": 1143.9840087890625,
    "initial_ATK": 19.551000595092773,
    "initial_DEF": 57.436798095703125,
    "HP_ascension_scaling": [
        0,
        980.86279296875,
        1677.791748046875,
        2607.0302734375,
        3303.958984375,
        4000.887939453125,
        4697.81689453125
    ],
    "ATK_ascension_scaling": [
        0,
        16.761999130249023,
        28.67180061340332,
        44.55160140991211,
        56.46139907836914,
        68.37129974365234,
        80.28109741210938
    ],
    "DEF_ascension_scaling": [
        0,
        49.24800109863281,
        84.23999786376953,
        130.89599609375,
        165.88800048828125,
        200.8800048828125,
        235.8719940185547
    ],
    "ascension_stat": "geo_dmg_",
    "ascension_stat_scaling": [
        0,
        0,
        0.07199999690055847,
        0.14399999380111694,
        0.14399999380111694,
        0.2160000056028366,
        0.2879999876022339
    ]
}